Report ID,URL
1,http://lawcommissionofindianicin/1-50/Report1pdf
2,http://lawcommissionofindianicin/1-50/Report2pdf
3,http://lawcommissionofindianicin/1-50/Report3pdf
4,http://lawcommissionofindianicin/1-50/Report4pdf
5,http://lawcommissionofindianicin/1-50/Report5pdf
6,http://lawcommissionofindianicin/1-50/Report6pdf
7,http://lawcommissionofindianicin/1-50/Report7pdf
8,http://lawcommissionofindianicin/1-50/Report8pdf
9,http://lawcommissionofindianicin/1-50/Report9pdf
10,http://lawcommissionofindianicin/1-50/Report10pdf
11,http://lawcommissionofindianicin/1-50/Report11pdf
12,http://lawcommissionofindianicin/1-50/Report12pdf
13,http://lawcommissionofindianicin/1-50/Report13pdf
14,http://lawcommissionofindianicin/1-50/Report14Vol1pdf
14,http://lawcommissionofindianicin/1-50/Report14Vol2pdf
15,http://lawcommissionofindianicin/1-50/Report15pdf
16,http://lawcommissionofindianicin/1-50/Report16pdf
17,http://lawcommissionofindianicin/1-50/Report17pdf
18,http://lawcommissionofindianicin/1-50/Report18pdf
19,http://lawcommissionofindianicin/1-50/Report19pdf
20,http://lawcommissionofindianicin/1-50/Report20pdf
21,http://lawcommissionofindianicin/1-50/Report21pdf
22,http://lawcommissionofindianicin/1-50/Report22pdf
23,http://lawcommissionofindianicin/1-50/Report23pdf
24,http://lawcommissionofindianicin/1-50/Report24pdf
25,http://lawcommissionofindianicin/1-50/Report25pdf
26,http://lawcommissionofindianicin/1-50/Report26pdf
27,http://lawcommissionofindianicin/1-50/Report27pdf
28,http://lawcommissionofindianicin/1-50/Report28pdf
29,http://lawcommissionofindianicin/1-50/Report29pdf
30,http://lawcommissionofindianicin/1-50/Report30pdf
31,http://lawcommissionofindianicin/1-50/Report31pdf
32,http://lawcommissionofindianicin/1-50/Report32pdf
33,http://lawcommissionofindianicin/1-50/Report33pdf
34,http://lawcommissionofindianicin/1-50/Report34pdf
35,http://lawcommissionofindianicin/1-50/Report35Vol1and3pdf
35,http://lawcommissionofindianicin/1-50/Report35Vol2pdf
36,http://lawcommissionofindianicin/1-50/Report36pdf
37,http://lawcommissionofindianicin/1-50/Report37pdf
38,http://lawcommissionofindianicin/1-50/Report38pdf
39,http://lawcommissionofindianicin/1-50/Report39pdf
40,http://lawcommissionofindianicin/1-50/Report40pdf
41,http://lawcommissionofindianicin/1-50/Report41pdf
42,http://lawcommissionofindianicin/1-50/Report42pdf
43,http://lawcommissionofindianicin/1-50/Report43pdf
44,http://lawcommissionofindianicin/1-50/Report44pdf
45,http://lawcommissionofindianicin/1-50/Report45pdf
46,http://lawcommissionofindianicin/1-50/Report46pdf
47,http://lawcommissionofindianicin/1-50/Report47pdf
48,http://lawcommissionofindianicin/1-50/Report48pdf
49,http://lawcommissionofindianicin/1-50/Report49pdf
50,http://lawcommissionofindianicin/1-50/Report50pdf
51,http://lawcommissionofindianicin/51-100/Report51pdf
52,http://lawcommissionofindianicin/51-100/Report52pdf
53,http://lawcommissionofindianicin/51-100/Report53pdf
54,http://lawcommissionofindianicin/51-100/Report54pdf
55,http://lawcommissionofindianicin/51-100/Report55pdf
56,http://lawcommissionofindianicin/51-100/Report56pdf
57,http://lawcommissionofindianicin/51-100/Report57pdf
58,http://lawcommissionofindianicin/51-100/Report58pdf
59,http://lawcommissionofindianicin/51-100/Report59pdf
60,http://lawcommissionofindianicin/51-100/Report60pdf
61,http://lawcommissionofindianicin/51-100/Report61pdf
62,http://lawcommissionofindianicin/51-100/Report62pdf
63,http://lawcommissionofindianicin/51-100/Report63pdf
64,http://lawcommissionofindianicin/51-100/Report64pdf
65,http://lawcommissionofindianicin/51-100/Report65pdf
66,http://lawcommissionofindianicin/51-100/Report66pdf
67,http://lawcommissionofindianicin/51-100/Report67pdf
68,http://lawcommissionofindianicin/51-100/Report68pdf
69,http://lawcommissionofindianicin/51-100/Report69pdf
70,http://lawcommissionofindianicin/51-100/Report70pdf
71,http://lawcommissionofindianicin/51-100/Report71pdf
72,http://lawcommissionofindianicin/51-100/Report72pdf
73,http://lawcommissionofindianicin/51-100/Report73pdf
74,http://lawcommissionofindianicin/51-100/Report74pdf
75,http://lawcommissionofindianicin/51-100/Report75pdf
76,http://lawcommissionofindianicin/51-100/Report76pdf
77,http://lawcommissionofindianicin/51-100/Report77pdf
78,http://lawcommissionofindianicin/51-100/Report78pdf
79,http://lawcommissionofindianicin/51-100/Report79pdf
80,http://lawcommissionofindianicin/51-100/Report80pdf
81,http://lawcommissionofindianicin/51-100/Report81pdf
82,http://lawcommissionofindianicin/51-100/Report82pdf
83,http://lawcommissionofindianicin/51-100/Report83pdf
84,http://lawcommissionofindianicin/51-100/Report84pdf
85,http://lawcommissionofindianicin/51-100/Report85pdf
86,http://lawcommissionofindianicin/51-100/Report86pdf
87,http://lawcommissionofindianicin/51-100/Report87pdf
88,http://lawcommissionofindianicin/51-100/Report88pdf
89,http://lawcommissionofindianicin/51-100/Report89pdf
90,http://lawcommissionofindianicin/51-100/Report90pdf
91,http://lawcommissionofindianicin/51-100/Report91pdf
92,http://lawcommissionofindianicin/51-100/Report92pdf
93,http://lawcommissionofindianicin/51-100/Report93pdf
94,http://lawcommissionofindianicin/51-100/Report94pdf
95,http://lawcommissionofindianicin/51-100/Report95pdf
96,http://lawcommissionofindianicin/51-100/Report96pdf
97,http://lawcommissionofindianicin/51-100/Report97pdf
98,http://lawcommissionofindianicin/51-100/Report98pdf
99,http://lawcommissionofindianicin/51-100/Report99pdf
100,http://lawcommissionofindianicin/51-100/Report100pdf
101,http://lawcommissionofindia.nic.in/101-169/Report101.pdf
102,http://lawcommissionofindia.nic.in/101-169/Report102.pdf
103,http://lawcommissionofindia.nic.in/101-169/Report103.pdf
104,http://lawcommissionofindia.nic.in/101-169/Report104.pdf
105,http://lawcommissionofindia.nic.in/101-169/Report105.pdf
106,http://lawcommissionofindia.nic.in/101-169/Report106.pdf
107,http://lawcommissionofindia.nic.in/101-169/Report107.pdf
108,http://lawcommissionofindia.nic.in/101-169/Report108.pdf
109,http://lawcommissionofindia.nic.in/101-169/Report109.pdf
110,http://lawcommissionofindia.nic.in/101-169/Report110.pdf
111,http://lawcommissionofindia.nic.in/101-169/Report111.pdf
112,http://lawcommissionofindia.nic.in/101-169/Report112.pdf
113,http://lawcommissionofindia.nic.in/101-169/Report113.pdf
114,http://lawcommissionofindia.nic.in/101-169/Report114.pdf
115,http://lawcommissionofindia.nic.in/101-169/Report115.pdf
116,http://lawcommissionofindia.nic.in/101-169/Report116.pdf
117,http://lawcommissionofindia.nic.in/101-169/Report117.pdf
118,http://lawcommissionofindia.nic.in/101-169/Report118.pdf
119,http://lawcommissionofindia.nic.in/101-169/Report119.pdf
120,http://lawcommissionofindia.nic.in/101-169/Report120.pdf
121,http://lawcommissionofindia.nic.in/101-169/Report121.pdf
122,http://lawcommissionofindia.nic.in/101-169/Report122.pdf
123,http://lawcommissionofindia.nic.in/101-169/Report123.pdf
124,http://lawcommissionofindia.nic.in/101-169/Report124.pdf
125,http://lawcommissionofindia.nic.in/101-169/Report125.pdf
126,http://lawcommissionofindia.nic.in/101-169/Report126.pdf
127,http://lawcommissionofindia.nic.in/101-169/Report127.pdf
128,http://lawcommissionofindia.nic.in/101-169/Report128.pdf
129,http://lawcommissionofindia.nic.in/101-169/Report129.pdf
130,http://lawcommissionofindia.nic.in/101-169/Report130.pdf
131,http://lawcommissionofindia.nic.in/101-169/Report131.pdf
132,http://lawcommissionofindia.nic.in/101-169/Report132.pdf
133,http://lawcommissionofindia.nic.in/101-169/Report133.pdf
134,http://lawcommissionofindia.nic.in/101-169/Report134.pdf
135,http://lawcommissionofindia.nic.in/101-169/Report135.pdf
136,http://lawcommissionofindia.nic.in/101-169/Report136.pdf
137,http://lawcommissionofindia.nic.in/101-169/Report137.pdf
138,http://lawcommissionofindia.nic.in/101-169/Report138.pdf
139,http://lawcommissionofindia.nic.in/101-169/Report139.pdf
140,http://lawcommissionofindia.nic.in/101-169/Report140.pdf
141,http://lawcommissionofindia.nic.in/101-169/Report141.pdf
142,http://lawcommissionofindia.nic.in/101-169/Report142.pdf
143,http://lawcommissionofindia.nic.in/101-169/Report143.pdf
144,http://lawcommissionofindia.nic.in/101-169/Report144.pdf
145,http://lawcommissionofindia.nic.in/101-169/Report145.pdf
146,http://lawcommissionofindia.nic.in/101-169/Report146.pdf
147,http://lawcommissionofindia.nic.in/101-169/Report147.pdf
148,http://lawcommissionofindia.nic.in/101-169/Report148.pdf
149,http://lawcommissionofindia.nic.in/101-169/Report149.pdf
150,http://lawcommissionofindia.nic.in/101-169/Report150.pdf
151,http://lawcommissionofindia.nic.in/101-169/Report151.pdf
152,http://lawcommissionofindia.nic.in/101-169/Report152.pdf
153,http://lawcommissionofindia.nic.in/101-169/Report153.pdf
154,http://lawcommissionofindia.nic.in/101-169/Report154Vol1.pdf
154,http://lawcommissionofindia.nic.in/101-169/Report154Vol2.pdf
155,http://lawcommissionofindia.nic.in/101-169/Report155.pdf
156,http://lawcommissionofindia.nic.in/101-169/Report156Vol1.pdf
156,http://lawcommissionofindia.nic.in/101-169/Report156Vol2.pdf
157,http://lawcommissionofindia.nic.in/101-169/Report157.pdf
158,http://lawcommissionofindia.nic.in/101-169/Report158.pdf
159,http://lawcommissionofindia.nic.in/101-169/Report159.pdf
160,http://lawcommissionofindia.nic.in/101-169/Report160.pdf
161,http://lawcommissionofindia.nic.in/101-169/Report161.pdf
162,http://lawcommissionofindia.nic.in/101-169/Report162.pdf
163,http://lawcommissionofindia.nic.in/101-169/Report163.pdf
164,http://lawcommissionofindia.nic.in/101-169/Report164.pdf
165,http://lawcommissionofindia.nic.in/101-169/Report165.pdf
166,http://lawcommissionofindia.nic.in/101-169/Report166.pdf
167,http://lawcommissionofindia.nic.in/101-169/Report167.pdf
168,http://lawcommissionofindia.nic.in/101-169/Report168.pdf
169,http://lawcommissionofindia.nic.in/101-169/Report169.pdf
170,http://lawcommissionofindia.nic.in/lc170.htm
171,http://lawcommissionofindia.nic.in/biod.htm
172,http://lawcommissionofindia.nic.in/rapelaws.htm
173,http://lawcommissionofindia.nic.in/tada.htm
174,http://lawcommissionofindia.nic.in/kerala.htm
175,http://lawcommissionofindia.nic.in/reports/175thReport.pdf
176,http://lawcommissionofindia.nic.in/arb.pdf
177,http://lawcommissionofindia.nic.in/reports/Annexure III of 177th report.pdf
177,http://lawcommissionofindia.nic.in/reports/177rptp1.pdf
178,http://lawcommissionofindia.nic.in/reports/178rptp1.pdf
178,http://lawcommissionofindia.nic.in/reports/178rptp2.pdf
179,http://lawcommissionofindia.nic.in/reports/179rptp1.pdf
179,http://lawcommissionofindia.nic.in/reports/179rptp2.pdf
180,http://lawcommissionofindia.nic.in/reports/180rpt.pdf
181,http://lawcommissionofindia.nic.in/reports/181rpt.pdf
182,http://lawcommissionofindia.nic.in/reports/182rpt.pdf
183,http://lawcommissionofindia.nic.in/reports/183rpt.pdf
184,http://lawcommissionofindia.nic.in/reports/184thReport-PartII.pdf
184,http://lawcommissionofindia.nic.in/reports/184threport-PartI.pdf
185,http://lawcommissionofindia.nic.in/reports/185thReport-PartI.pdf
185,http://lawcommissionofindia.nic.in/reports/185thReport-PartII.pdf
185,http://lawcommissionofindia.nic.in/reports/185thReport-PartIIIA.pdf
185,http://lawcommissionofindia.nic.in/reports/185thReport-PartIIIB.pdf
185,http://lawcommissionofindia.nic.in/reports/185thReport-PartIV.pdf
185,http://lawcommissionofindia.nic.in/reports/185thReport-PartV.pdf
186,http://lawcommissionofindia.nic.in/reports/186th report.pdf
187,http://lawcommissionofindia.nic.in/reports/187th report.pdf
188,http://lawcommissionofindia.nic.in/reports/188th report.pdf
189,http://lawcommissionofindia.nic.in/reports/189th Report on Revison of Court fee.pdf
190,http://lawcommissionofindia.nic.in/reports/InsuranceReport-2nddraft1.pdf
191,http://lawcommissionofindia.nic.in/reports/Report191.pdf
192,http://lawcommissionofindia.nic.in/reports/Report192.pdf
193,http://lawcommissionofindia.nic.in/reports/Report193.pdf
194,http://lawcommissionofindia.nic.in/reports/Report194.pdf
195,http://lawcommissionofindia.nic.in/reports/Report195.doc
195,http://lawcommissionofindia.nic.in/reports/Report195.pdf
196,http://lawcommissionofindia.nic.in/reports/rep196.pdf
197,http://lawcommissionofindia.nic.in/reports/rep197.pdf
198,http://lawcommissionofindia.nic.in/reports/rep198.pdf
199,http://lawcommissionofindia.nic.in/reports/rep199.pdf
200,http://lawcommissionofindia.nic.in/reports/rep200.pdf
201,http://lawcommissionofindia.nic.in/reports/rep201.pdf
202,http://lawcommissionofindia.nic.in/reports/report202.pdf
203,http://lawcommissionofindia.nic.in/reports/report203.pdf
204,http://lawcommissionofindia.nic.in/reports/report204.pdf
205,http://lawcommissionofindia.nic.in/reports/report205.pdf
206,http://lawcommissionofindia.nic.in/reports/report206.pdf
207,http://lawcommissionofindia.nic.in/reports/report207.pdf
208,http://lawcommissionofindia.nic.in/reports/report208.pdf
209,http://lawcommissionofindia.nic.in/reports/report209.pdf
210,http://lawcommissionofindia.nic.in/reports/report210.pdf
211,http://lawcommissionofindia.nic.in/reports/report211.pdf
212,http://lawcommissionofindia.nic.in/reports/report212.pdf
213,http://lawcommissionofindia.nic.in/reports/report213.pdf
214,http://lawcommissionofindia.nic.in/reports/report214.pdf
215,http://lawcommissionofindia.nic.in/reports/report215.pdf
216,http://lawcommissionofindia.nic.in/reports/report216.pdf
217,http://lawcommissionofindia.nic.in/reports/report217.pdf
218,http://lawcommissionofindia.nic.in/reports/report218.pdf
219,http://lawcommissionofindia.nic.in/reports/report219.pdf
220,http://lawcommissionofindia.nic.in/reports/report220.pdf
221,http://lawcommissionofindia.nic.in/reports/report221.pdf
222,http://lawcommissionofindia.nic.in/reports/report222.pdf
223,http://lawcommissionofindia.nic.in/reports/report223.pdf
224,http://lawcommissionofindia.nic.in/reports/report224.pdf
225,http://lawcommissionofindia.nic.in/reports/report225.pdf
226,http://lawcommissionofindia.nic.in/reports/report226.pdf
227,http://lawcommissionofindia.nic.in/reports/report227.pdf
228,http://lawcommissionofindia.nic.in/reports/report228.pdf
229,http://lawcommissionofindia.nic.in/reports/report229.pdf
230,http://lawcommissionofindia.nic.in/reports/report230.pdf
231,http://lawcommissionofindia.nic.in/reports/report231.pdf
232,http://lawcommissionofindia.nic.in/reports/report232.pdf
233,http://lawcommissionofindia.nic.in/reports/report233.pdf
234,http://lawcommissionofindia.nic.in/reports/report234.pdf
235,http://lawcommissionofindia.nic.in/reports/report235.pdf
236,http://lawcommissionofindia.nic.in/reports/report236.pdf
237,http://lawcommissionofindia.nic.in/reports/report237.pdf
238,http://lawcommissionofindia.nic.in/reports/report238.pdf
239,http://lawcommissionofindia.nic.in/reports/report239.pdf
240,http://lawcommissionofindia.nic.in/reports/report240.pdf
241,http://lawcommissionofindia.nic.in/reports/report241.pdf
242,http://lawcommissionofindia.nic.in/reports/report242.pdf
243,http://lawcommissionofindia.nic.in/reports/report243.pdf
244,http://lawcommissionofindia.nic.in/reports/Report244.pdf
245,http://lawcommissionofindia.nic.in/reports/Report245.pdf
246,http://lawcommissionofindia.nic.in/reports/Supplementary_to_Report_No._246.pdf
246,http://lawcommissionofindia.nic.in/reports/Report246-II.pdf
246,http://lawcommissionofindia.nic.in/reports/Report246.pdf
247,http://lawcommissionofindia.nic.in/reports/Report247.pdf
248,http://lawcommissionofindia.nic.in/reports/Report248.pdf
249,http://lawcommissionofindia.nic.in/reports/Second Interim Report on Obsolete Laws.pdf
250,http://lawcommissionofindia.nic.in/reports/Report_No.250_signed_copy.pdf
251,"http://lawcommissionofindia.nic.in/reports/Report_No.251
 on Obsolete Laws - Warrnting immediate Repeal (Fourth            
Interim).pdf"
252,"http://lawcommissionofindia.nic.in/reports/on
 Right of the Hindu Wife to Maintenance - A relook at Section18 of the 
Hindu Adoption and Maintenance Act,1956.pdf"
253,http://lawcommissionofindia.nic.in/reports/Report_No.253_Commercial_Division_and_Commercial_Appellate_Division_of_High_Courts_and__Commercial_Courts_Bill._2015.pdf
254,http://lawcommissionofindia.nic.in/reports/Report_No.254_Prevention_of_Corruption.pdf
255,http://lawcommissionofindia.nic.in/reports/Report255.pdf
256,http://lawcommissionofindia.nic.in/reports/Report256.pdf
257,http://lawcommissionofindia.nic.in/reports/Report No.257 Custody Laws.pdf
258,http://lawcommissionofindia.nic.in/reports/Report258.pdf
259,http://lawcommissionofindia.nic.in/reports/Report259.pdf
260,http://lawcommissionofindia.nic.in/reports/Report260.pdf
261,http://lawcommissionofindia.nic.in/reports/Report261.pdf
262,http://lawcommissionofindia.nic.in/reports/Report262.pdf
263,http://lawcommissionofindianicin/reports/Report263pdf
264,http://lawcommissionofindianicin/reports/Report264pdf
265,http://lawcommissionofindianicin/reports/Report265pdf
266,http://lawcommissionofindianicin/reports/Report266pdf
267,http://lawcommissionofindianicin/reports/Report267pdf
268,http://lawcommissionofindianicin/reports/Report268pdf
268,http://lawcommissionofindianicin/reports/corrigendum-to-report-no268pdf
269,http://lawcommissionofindianicin/reports/Report269pdf
270,http://lawcommissionofindianicin/reports/Report270pdf
271,http://lawcommissionofindianicin/reports/Report271pdf
272,http://lawcommissionofindianicin/reports/Errata-in-Report-No272pdf
272,http://lawcommissionofindianicin/reports/Report272pdf
273,http://lawcommissionofindianicin/reports/Report273pdf
274,http://lawcommissionofindianicin/reports/Report274pdf
275,http://lawcommissionofindianicin/reports/Report275pdf
276,http://lawcommissionofindianicin/reports/Report276pdf
277,http://lawcommissionofindianicin/reports/Report277pdf