Report ID,Title,Year,URL
1,Liability Of The State In Torts.,1956,http://lawcommissionofindia.nic.in/1-50/Report1.pdf
2,Parliamentary Legislation Relating To Sales Tax.,1956,http://lawcommissionofindia.nic.in/1-50/Report2.pdf
3,"Limitation Act, 1908",1956,http://lawcommissionofindia.nic.in/1-50/Report3.pdf
4,On The Proposal That High Courts Should Sit In Benches At Different Places In A State.,1956,http://lawcommissionofindia.nic.in/1-50/Report4.pdf
5,British Statutes Applicable To India.,1957,http://lawcommissionofindia.nic.in/1-50/Report5.pdf
6,"Registration Act, 1908",1957,http://lawcommissionofindia.nic.in/1-50/Report6.pdf
7,"Partnership Act, 1932",1957,http://lawcommissionofindia.nic.in/1-50/Report7.pdf
8,"Sale Of Goods Act, 1930",1958,http://lawcommissionofindia.nic.in/1-50/Report8.pdf
9,"Specific Relief Act, 1877",1958,http://lawcommissionofindia.nic.in/1-50/Report9.pdf
10,Law Of Acquisition And Requisitioning Of Land.,1958,http://lawcommissionofindia.nic.in/1-50/Report10.pdf
11,"Negotiable Instruments Act, 1881",1958,http://lawcommissionofindia.nic.in/1-50/Report11.pdf
12,"Income Tax Act, 1922",1958,http://lawcommissionofindia.nic.in/1-50/Report12.pdf
13,"Contract Act, 1872",1958,http://lawcommissionofindia.nic.in/1-50/Report13.pdf
14,Reform Of Judicial Administration.,1958,http://lawcommissionofindia.nic.in/1-50/Report14Vol1.pdf
15,Law Relating To Marriage And Divorce Amongst Christians In India.,1960,http://lawcommissionofindia.nic.in/1-50/Report15.pdf
16,"Official Trustees Act, 1913.",1960,http://lawcommissionofindia.nic.in/1-50/Report16.pdf
17,"Report On Trusts Act, 1882.",1961,http://lawcommissionofindia.nic.in/1-50/Report17.pdf
18,"Converts’ Marriage Dissolution Act, 1866.",1961,http://lawcommissionofindia.nic.in/1-50/Report18.pdf
19,"The Administrator-General's Act, 1913.",1961,http://lawcommissionofindia.nic.in/1-50/Report19.pdf
20,The Law Of Hire-Purchase,1961,http://lawcommissionofindia.nic.in/1-50/Report20.pdf
21,Marine Insurance,1961,http://lawcommissionofindia.nic.in/1-50/Report21.pdf
22,"Christian Marriage And Matrimonial Causes Bill,1961",1961,http://lawcommissionofindia.nic.in/1-50/Report22.pdf
23,Law Of Foreign Marriages.,1962,http://lawcommissionofindia.nic.in/1-50/Report23.pdf
24,"The Commission Of Inquiry Act, 1952",1962,http://lawcommissionofindia.nic.in/1-50/Report24.pdf
25,"Evidence Of Officers About Forged Stamps, Currency Notes, Etc. Section 509-A Cr.p.c. As Proposed.",1963,http://lawcommissionofindia.nic.in/1-50/Report25.pdf
26,Insolvency Laws,1964,http://lawcommissionofindia.nic.in/1-50/Report26.pdf
27,"The Code Of Civil Procedure, 1908.",1964,http://lawcommissionofindia.nic.in/1-50/Report27.pdf
28,"The Indian Oaths Act, 1873.",1964,http://lawcommissionofindia.nic.in/1-50/Report28.pdf
29,Proposal To Include Certain Social And Economic Offences In The Indian Penal Code,1966,http://lawcommissionofindia.nic.in/1-50/Report29.pdf
30,"Section 5 Of The Central Sales Tax Act, 1956, Taxation By The States Of Sales In The Course Of Import.",1967,http://lawcommissionofindia.nic.in/1-50/Report30.pdf
31,"Section 30(2) Of The Indian Registration Act, 1908-Extension To Delhi.",1967,http://lawcommissionofindia.nic.in/1-50/Report31.pdf
32,"Section 9 Of The Code Of Criminal Procedure, 1898-Appointment Of Sessions Judges, Additional Session Judges And Assistant Sessions Judges.",1967,http://lawcommissionofindia.nic.in/1-50/Report32.pdf
33,"Section 44, Code Of Criminal Procedure, 1898.",1967,http://lawcommissionofindia.nic.in/1-50/Report33.pdf
34,"Indian Registration Act, 1908.",1967,http://lawcommissionofindia.nic.in/1-50/Report34.pdf
35,Capital Punishment.,1967,http://lawcommissionofindia.nic.in/1-50/Report35Vol1and3.pdf
36,"Sections 497, 498 And 499 Of The Code Of Criminal Procedure, 1898-Grant Of Bail With Condition.",1967,http://lawcommissionofindia.nic.in/1-50/Report36.pdf
37,"The Code Of Criminal Procedure, 1898 (Sections 1 To 176).",1967,http://lawcommissionofindia.nic.in/1-50/Report37.pdf
38,"Indian Post Office Act, 1898.",1968,http://lawcommissionofindia.nic.in/1-50/Report38.pdf
39,Punishment Of Imprisonment For Life Under The Indian Penal Code.,1968,http://lawcommissionofindia.nic.in/1-50/Report39.pdf
40,Law Relating To Attendance Of Prisoners In Courts.,1969,http://lawcommissionofindia.nic.in/1-50/Report40.pdf
41,"The Code Of Criminal Procedure, 1898.",1969,http://lawcommissionofindia.nic.in/1-50/Report41.pdf
42,Indian Penal Code.,1971,http://lawcommissionofindia.nic.in/1-50/Report42.pdf
43,Offences Against The National Security.,1971,http://lawcommissionofindia.nic.in/1-50/Report43.pdf
44,The Appellate Jurisdiction Of The Supreme Court In Civil Matters.,1971,http://lawcommissionofindia.nic.in/1-50/Report44.pdf
45,Civil Appeals To The Supreme Court On A Certificate Of Fitness.,1971,http://lawcommissionofindia.nic.in/1-50/Report45.pdf
46,"The Constitution (Twenty-Fifth Amendment) Bill,1971.",1971,http://lawcommissionofindia.nic.in/1-50/Report46.pdf
47,The Trial And Punishment Of Social And Economic Offences.,1972,http://lawcommissionofindia.nic.in/1-50/Report47.pdf
48,"Some Questions Under The Code Of Criminal Procedure Bill, 1970.",1972,http://lawcommissionofindia.nic.in/1-50/Report48.pdf
49,"The Proposal For Inclusion Of Agricultural Income In The Total Income For The Purpose Of Determining The Rate Of Tax Under The Income-Tax Act, 1961.",1972,http://lawcommissionofindia.nic.in/1-50/Report49.pdf
50,"The Proposal To Include Persons Connected With Public Examination Within The Definition Of ""Public Servant"" In The Indian Penal Code.",1972,http://lawcommissionofindia.nic.in/1-50/Report50.pdf
51,Compensation For Injuries Caused By Automobiles In Hit-And-Run Cases.,1972,http://lawcommissionofindia.nic.in/51-100/Report51.pdf
52,Estate Duty On Property Acquired After Death.,1972,http://lawcommissionofindia.nic.in/51-100/Report52.pdf
53,"Effect Of The Pensions Act, 1871 On The Right To Sue For Pensions Of Retired Members Of The Public Services.",1972,http://lawcommissionofindia.nic.in/51-100/Report53.pdf
54,"The Code Of Civil Procedure, 1908.",1973,http://lawcommissionofindia.nic.in/51-100/Report54.pdf
55,"Rate Of Interest After Decree And Interest On Costs Under Sections 34 And 35, Of The Code Of Civil Procedure, 1908.",1973,http://lawcommissionofindia.nic.in/51-100/Report55.pdf
56,"Statutory Provisions As To Notice Of Suit Other Than Section 80, Civil Procedure Code.",1973,http://lawcommissionofindia.nic.in/51-100/Report56.pdf
57,Benami Transactions.,1973,http://lawcommissionofindia.nic.in/51-100/Report57.pdf
58,Structure And Jurisdiction Of The Higher Judiciary.,1974,http://lawcommissionofindia.nic.in/51-100/Report58.pdf
59,"Hindu Marriage Act, 1955 And Special Marriage Act, 1954.",1974,http://lawcommissionofindia.nic.in/51-100/Report59.pdf
60,"The General Clauses Act, 1897.",1974,http://lawcommissionofindia.nic.in/51-100/Report60.pdf
61,"Certain Problems Connected With Power Of The States To Levy A Tax On The Sale Of Goods And With The Central Sales Tax Act, 1956.",1974,http://lawcommissionofindia.nic.in/51-100/Report61.pdf
62,"Workmen's Compensation Act, 1923.",1974,http://lawcommissionofindia.nic.in/51-100/Report62.pdf
63,"The Interest Act, 1839.",1975,http://lawcommissionofindia.nic.in/51-100/Report63.pdf
64,"The Suppression Of Immoral Traffic In Women And Girls Act, 1956.",1975,http://lawcommissionofindia.nic.in/51-100/Report64.pdf
65,Recognition Of Foreign Divorces,1976,http://lawcommissionofindia.nic.in/51-100/Report65.pdf
66,"Married Women's Property Act, 1874.",1976,http://lawcommissionofindia.nic.in/51-100/Report66.pdf
67,"The Indian Stamp Act, 1899.",1977,http://lawcommissionofindia.nic.in/51-100/Report67.pdf
68,"The Powers Of Attorney Act, 1882",1977,http://lawcommissionofindia.nic.in/51-100/Report68.pdf
69,"The Indian Evidence Act, 1872.",1977,http://lawcommissionofindia.nic.in/51-100/Report69.pdf
70,"The Transfer Of Property Act, 1882.",1977,http://lawcommissionofindia.nic.in/51-100/Report70.pdf
71,"The Hindu Marriage Act, 1955- Irretrievable Breakdown Of Marriage As A Ground Of Divorce.",1978,http://lawcommissionofindia.nic.in/51-100/Report71.pdf
72,"Restriction On Practice After Being A Permanent Judge, Article 220 Of The Constitution.",1978,http://lawcommissionofindia.nic.in/51-100/Report72.pdf
73,Criminal Liability For Failure By Husband To Pay Maintenance Or Permanent Alimony Granted To The Wife By The Court Under Certain Enactments Or Rules Of Law.,1978,http://lawcommissionofindia.nic.in/51-100/Report73.pdf
74,"Proposal To Amend The Indian Evidence Act, 1872 So As To Render Admissible Certain Statements Made By Witnesses Before Commission Of Inquiry And Other Statutory Authorities.",1978,http://lawcommissionofindia.nic.in/51-100/Report74.pdf
75,"Disciplinary Jurisdiction Under The Advocates Act, 1961.",1978,http://lawcommissionofindia.nic.in/51-100/Report75.pdf
76,"Arbitration Act, 1940.",1978,http://lawcommissionofindia.nic.in/51-100/Report76.pdf
77,Delay And Arrears In Trial Courts.,1979,http://lawcommissionofindia.nic.in/51-100/Report77.pdf
78,Congestion Of Under Trial Prisoners In Jails.,1979,http://lawcommissionofindia.nic.in/51-100/Report78.pdf
79,Delay And Arrears In High Courts And Other Appellate Courts.,1979,http://lawcommissionofindia.nic.in/51-100/Report79.pdf
80,Method Of Appointment Of Judges.,1979,http://lawcommissionofindia.nic.in/51-100/Report80.pdf
81,"Hindu Widows Re-Marriage Act, 1856.",1979,http://lawcommissionofindia.nic.in/51-100/Report81.pdf
82,"Effect Of Nomination Under Section 39, Insurance Act, 1938.",1980,http://lawcommissionofindia.nic.in/51-100/Report82.pdf
83,"The Guardians And Wards Act, 1890 And Certain Provisions Of The Hindu Minority And Guardianship Act, 1956.",1980,http://lawcommissionofindia.nic.in/51-100/Report83.pdf
84,"Rape And Allied Offences-Some Questions Of Substantive Law, Procedure And Evidence.",1980,http://lawcommissionofindia.nic.in/51-100/Report84.pdf
85,"Claims For Compensation Under Chapter 8 Of The Motor Vehicles Act, 1939.",1980,http://lawcommissionofindia.nic.in/51-100/Report85.pdf
86,"The Partition Act, 1893.",1980,http://lawcommissionofindia.nic.in/51-100/Report86.pdf
87,"Identification Of Prisoners Act, 1920.",1980,http://lawcommissionofindia.nic.in/51-100/Report87.pdf
88,"Governmental Privilege In Evidence: Sections 123-124 And 162, Indian Evidence Act, 1872 And Articles 74 And 163 Of The Constitution.",1983,http://lawcommissionofindia.nic.in/51-100/Report88.pdf
89,"The Limitation Act, 1963.",1983,http://lawcommissionofindia.nic.in/51-100/Report89.pdf
90,"The Grounds Of Divorce Amongst Christians In India: Section 10, Of The Indian Divorce Act, 1869.",1983,http://lawcommissionofindia.nic.in/51-100/Report90.pdf
91,"Dowry Deaths And Law Reform: Amending The Hindu Marriage Act, 1955, The Indian Penal Code, 1860 And The Indian Evidence Act, 1872.",1983,http://lawcommissionofindia.nic.in/51-100/Report91.pdf
92,Damages In Applications For Judicial Review Recommendations For Legislation.,1983,http://lawcommissionofindia.nic.in/51-100/Report92.pdf
93,Disclosure Of Sources Of Information By Mass Media.,1983,http://lawcommissionofindia.nic.in/51-100/Report93.pdf
94,"Evidence Obtained Illegally Or Improperly: Proposed Section 166a, Indian Evidence Act, 1872.",1983,http://lawcommissionofindia.nic.in/51-100/Report94.pdf
95,Constitutional Division Within The Supreme Court- A Proposal For.,1984,http://lawcommissionofindia.nic.in/51-100/Report95.pdf
96,Repeal Of Certain Obsolete Central Acts.,1984,http://lawcommissionofindia.nic.in/51-100/Report96.pdf
97,"Section 28, Indian Contract Act, 1872: Prescriptive Clauses In Contracts.",1984,http://lawcommissionofindia.nic.in/51-100/Report97.pdf
98,"Sections 24 To 26, Hindu Marriage Act, 1955: Orders For Interim Maintenance And Orders For The Maintenance Of Children In Matrimonial Proceedings.",1984,http://lawcommissionofindia.nic.in/51-100/Report98.pdf
99,Oral And Written Arguments In The Higher Courts.,1984,http://lawcommissionofindia.nic.in/51-100/Report99.pdf
100,Litigation By And Against The Government: Some Recommendations For Reform.,1984,http://lawcommissionofindia.nic.in/51-100/Report100.pdf
101,Freedom Of Speech And Expression Under Article 19 Of The Constitution: Recommendation To Extend It To Indian Corporations.,1984,http://lawcommissionofindia.nic.in/101-169/Report101.pdf
102,"Section 122(1) Of The Code Of Criminal Procedure, 1973: Imprisonment For Breach Of Bond For Keeping The Peace With Sureties.",1984,http://lawcommissionofindia.nic.in/101-169/Report102.pdf
103,Unfair Terms In Contract.,1984,http://lawcommissionofindia.nic.in/101-169/Report103.pdf
104,"The Judicial Officers' Protection Act, 1850.",1984,http://lawcommissionofindia.nic.in/101-169/Report104.pdf
105,Quality Control And Inspection Of Consumer Goods.,1984,http://lawcommissionofindia.nic.in/101-169/Report105.pdf
106,"Section 103a, Motor Vehicles Act, 1939: Effect Of Transfer Of A Motor Vehicle On Insurance.",1984,http://lawcommissionofindia.nic.in/101-169/Report106.pdf
107,Law Of Citizenship.,1984,http://lawcommissionofindia.nic.in/101-169/Report107.pdf
108,Promissory Estoppel.,1984,http://lawcommissionofindia.nic.in/101-169/Report108.pdf
109,"Obscene And Indecent Advertisements And Displays: Sections 292-293, Indian Penal Code.",1985,http://lawcommissionofindia.nic.in/101-169/Report109.pdf
110,"The Indian Succession Act, 1925.",1985,http://lawcommissionofindia.nic.in/101-169/Report110.pdf
111,"The Fatal Accidents Act, 1855.",1985,http://lawcommissionofindia.nic.in/101-169/Report111.pdf
112,"Section 45 Of The Insurance Act, 1938.",1985,http://lawcommissionofindia.nic.in/101-169/Report112.pdf
113,"Injuries In Police Custody- Suggested Section 114b, Evidence Act.",1985,http://lawcommissionofindia.nic.in/101-169/Report113.pdf
114,Gram Nyayalaya.,1986,http://lawcommissionofindia.nic.in/101-169/Report114.pdf
115,Tax Courts.,1986,http://lawcommissionofindia.nic.in/101-169/Report115.pdf
116,Formation Of An All India Judicial Service.,1986,http://lawcommissionofindia.nic.in/101-169/Report116.pdf
117,Training Of Judicial Officers.,1986,http://lawcommissionofindia.nic.in/101-169/Report117.pdf
118,Method Of Appointment To Subordinate Courts/ Subordinate Judiciary.,1986,http://lawcommissionofindia.nic.in/101-169/Report118.pdf
119,"Access To Exclusive Forum For Victims Of Motor Accidents Under Motor Vehicles Act, 1939.",1987,http://lawcommissionofindia.nic.in/101-169/Report119.pdf
120,Manpower Planning In Judiciary: A Blueprint,1987,http://lawcommissionofindia.nic.in/101-169/Report120.pdf
121,A New Forum For Judicial Appointments.,1987,http://lawcommissionofindia.nic.in/101-169/Report121.pdf
122,Forum For National Uniformity In Labour Adjudication.,1987,http://lawcommissionofindia.nic.in/101-169/Report122.pdf
123,Decentralisation Of Administration Of Justice:disputes Involving Centres Of Higher Education.,1988,http://lawcommissionofindia.nic.in/101-169/Report123.pdf
124,The High Court Arrears- A Fresh Look.,1988,http://lawcommissionofindia.nic.in/101-169/Report124.pdf
125,The Supreme Court- A Fresh Look.,1988,http://lawcommissionofindia.nic.in/101-169/Report125.pdf
126,Government And Public Sector Undertaking Litigation Policy And Strategies.,1988,http://lawcommissionofindia.nic.in/101-169/Report126.pdf
127,Resource Allocation For Infra-Structural Services In Judicial Administration (A Continuum Of The Report On Manpower Planning In Judiciary: A Blueprint).,NA,http://lawcommissionofindia.nic.in/101-169/Report127.pdf
128,Cost Of Litigation.,1988,http://lawcommissionofindia.nic.in/101-169/Report128.pdf
129,Urban Litigation – Mediation As Alternative To Adjudication.,1988,http://lawcommissionofindia.nic.in/101-169/Report129.pdf
130,Benami Transactions:a Continuum.,1988,http://lawcommissionofindia.nic.in/101-169/Report130.pdf
131,Role Of Legal Profession In Administration Of Justice.,1988,http://lawcommissionofindia.nic.in/101-169/Report131.pdf
132,"Need For Amendment Of The Provisions Of The Chapter Ix Of The Code Of Criminal Procedure, 1973 In Order To Ameliorate The Hardship And Mitigate The Distress Of Neglected Women, Children And Parents.",1989,http://lawcommissionofindia.nic.in/101-169/Report132.pdf
133,Removal Of Discrimination Against Women In Matters Relating To Guardianship And Custody Of Minor Children And Elaboration Of The Welfare Principle.,1989,http://lawcommissionofindia.nic.in/101-169/Report133.pdf
134,"Removing Deficiencies In Certain Provisions Of The Workmen's Compensation Act, 1923.",1989,http://lawcommissionofindia.nic.in/101-169/Report134.pdf
135,Women In Custody.,1989,http://lawcommissionofindia.nic.in/101-169/Report135.pdf
136,Conflicts In High Court Decisions On Central Laws- How To Foreclose And How To Resolve.,1990,http://lawcommissionofindia.nic.in/101-169/Report136.pdf
137,Need For Creating Office Of Ombudsman And For Evolving Legislative Administrative Measures Inter-Alia To Relieve Hardships Caused By Inordinate Delays In Settling Provident Fund Claims Of Beneficiaries.,1990,http://lawcommissionofindia.nic.in/101-169/Report137.pdf
138,Legislative Protection For Slum And Pavement Dwellers.,1990,http://lawcommissionofindia.nic.in/101-169/Report138.pdf
139,"Urgent Need To Amend Order Xxi, Rule 92(2), Code Of Civil Procedure To Remove An Anomaly Which Nullifies The Benevolent Intention Of The Legislature And Occasions Injustice To Judgement-Debtors Sought To Be Benefited.",1991,http://lawcommissionofindia.nic.in/101-169/Report139.pdf
140,"Need To Amend Order V, Rule 19a Of The Code Of Civil Procedure, 1908, Relating To Service Of Summons By Registered Post With A View To Foreclose Likely Injustice.",1991,http://lawcommissionofindia.nic.in/101-169/Report140.pdf
141,Need For Amending The Law As Regards Power Of Courts To Restore Criminal Revisional Applications And Criminal Cases Dismissed For Default In Appearance.,1991,http://lawcommissionofindia.nic.in/101-169/Report141.pdf
142,Concessional Treatment For Offenders Who On Their Own Initiative Choose To Plead Guilty Without Any Bargaining.,1991,http://lawcommissionofindia.nic.in/101-169/Report142.pdf
143,Legislative Safeguards For Protecting The Small Depositors From Exploitation.,1991,http://lawcommissionofindia.nic.in/101-169/Report143.pdf
144,"Conflicting Judicial Decisions Pertaining To The Code Of Civil Procedure, 1908.",1992,http://lawcommissionofindia.nic.in/101-169/Report144.pdf
145,Article 12 Of The Constitution And Public Sector Undertakings.,1992,http://lawcommissionofindia.nic.in/101-169/Report145.pdf
146,"Sale Of Women And Children: Proposed Section 373-A, Indian Penal Code.",1993,http://lawcommissionofindia.nic.in/101-169/Report146.pdf
147,"The Specific Relief Act, 1963.",1993,http://lawcommissionofindia.nic.in/101-169/Report147.pdf
148,Repeal Of Certain Pre-1947 Central Acts.,1993,http://lawcommissionofindia.nic.in/101-169/Report148.pdf
149,"Removal Of Certain Deficiencies In The Motor Vehicles Act, 1988 (Act No. 59 Of 1988).",1994,http://lawcommissionofindia.nic.in/101-169/Report149.pdf
150,Suggesting Some Amendments To The Code Of Civil Procedure (Act No. V Of 1908).,1994,http://lawcommissionofindia.nic.in/101-169/Report150.pdf
151,Admiralty Jurisdiction.,1994,http://lawcommissionofindia.nic.in/101-169/Report151.pdf
152,Custodial Crimes.,1994,http://lawcommissionofindia.nic.in/101-169/Report152.pdf
153,Inter-Country Adoption.,1994,http://lawcommissionofindia.nic.in/101-169/Report153.pdf
154,"The Code Of Criminal Procedure, 1973 (Act No. 2 Of 1974).",1996,http://lawcommissionofindia.nic.in/101-169/Report154Vol1.pdf
155,"The Narcotics Drugs And Psychotropic Substances Act, 1985(Act No. 61 Of 1985).",1997,http://lawcommissionofindia.nic.in/101-169/Report155.pdf
156,The Indian Penal Code.,1997,http://lawcommissionofindia.nic.in/101-169/Report156Vol1.pdf
157,"Section 52:Transfer Of Property Act, 1882 And Its Amendment.",1998,http://lawcommissionofindia.nic.in/101-169/Report157.pdf
158,"The Amendment Of The Industries (Development And Regulation) Act, 1951",1998,http://lawcommissionofindia.nic.in/101-169/Report158.pdf
159,Repeal And Amendment Of Laws: Part I,1998,http://lawcommissionofindia.nic.in/101-169/Report159.pdf
160,"Amendment To The All India Council For Technical Education Act, 1987 (Act No. 52 Of 1987)",1998,http://lawcommissionofindia.nic.in/101-169/Report160.pdf
161,Central Vigilance Commission And Allied Bodies.,1998,http://lawcommissionofindia.nic.in/101-169/Report161.pdf
162,"Review Of Functioning Of Central Administrative Tribunal, Customs, Excise And Gold (Control) Appellate Tribunal And Income-Tax Appellate Tribunal",1998,http://lawcommissionofindia.nic.in/101-169/Report162.pdf
163,"The Code Of Civil Procedure (Amendment) Bill, 1997",1998,http://lawcommissionofindia.nic.in/101-169/Report163.pdf
164,"The Indian Divorce Act, 1869 (Act Iv Of 1869)",1998,http://lawcommissionofindia.nic.in/101-169/Report164.pdf
165,Free And Compulsory Education For Children,1998,http://lawcommissionofindia.nic.in/101-169/Report165.pdf
166,The Corrupt Public Servants (Forfeiture Of Property) Bill.,1999,http://lawcommissionofindia.nic.in/101-169/Report166.pdf
167,"The Patents (Amendment) Bill, 1998.",1999,http://lawcommissionofindia.nic.in/101-169/Report167.pdf
168,"The Hire-Purchase Act, 1972",1999,http://lawcommissionofindia.nic.in/101-169/Report168.pdf
169,"Amendment Of Army, Navy And Air Force Act.",1999,http://lawcommissionofindia.nic.in/101-169/Report169.pdf
170,Reform Of The Electoral Laws,1999,http://lawcommissionofindia.nic.in/lc170.htm
171,"The Biodiversity Bill, 2000",2000,http://lawcommissionofindia.nic.in/biod.htm
172,Review Of Rape Laws,2000,http://lawcommissionofindia.nic.in/rapelaws.htm
173,"Prevention Of Terrorism Bill, 2000",2000,http://lawcommissionofindia.nic.in/tada.htm
174,Property Rights Of Women: Proposed Reforms Under The Hindu Law,2000,http://lawcommissionofindia.nic.in/kerala.htm
175,"The Foreigners (Amendment) Bill, 2000",2000,http://lawcommissionofindia.nic.in/reports/175thReport.pdf
176,"The Arbitration And Conciliation (Amendment) Bill, 2002",2001,http://lawcommissionofindia.nic.in/arb.pdf
177,Law Relating To Arrest,2001,http://lawcommissionofindia.nic.in/reports/Annexure III of 177th report.pdf
178,"Recommendations For Amending Various Enactments, Both Civil And Criminal",2001,http://lawcommissionofindia.nic.in/reports/178rptp1.pdf
179,Public Interest Disclosure And Protection Of Informers,2001,http://lawcommissionofindia.nic.in/reports/179rptp1.pdf
180,Article 20 (3) Of The Constitution Of India And Right To Silence,2002,http://lawcommissionofindia.nic.in/reports/180rpt.pdf
181,"Amendment To Section 106 Of The Transfer Of Property Act, 1882",2002,http://lawcommissionofindia.nic.in/reports/181rpt.pdf
182,"Amendment Of Section 6 Of The Land Acquisition Act, 1894.",2002,http://lawcommissionofindia.nic.in/reports/182rpt.pdf
183,"A Continuum On The General Clauses Act, 1897 With Special Reference To The Admissibility And Codification Of External Aids To Interpretation Of Statutes.",2002,http://lawcommissionofindia.nic.in/reports/183rpt.pdf
184,"Legal Education & Professional Training And Proposals For Amendments To The Advocates Act, 1961 And The University Grants Commission Act, 1956.",2002,http://lawcommissionofindia.nic.in/reports/184thReport-PartII.pdf
185,"Review Of The Indian Evidence Act, 1872.",2003,http://lawcommissionofindia.nic.in/reports/185thReport-PartI.pdf
186,Proposal To Constitute Environment Courts,2003,http://lawcommissionofindia.nic.in/reports/186th report.pdf
187,Mode Of Execution Of Death Sentence And Incidental Matters,2003,http://lawcommissionofindia.nic.in/reports/187th report.pdf
188,The Proposals For Constitution Of Hi-Tech Fast - Track Commercial Divisions In High Courts.,2003,http://lawcommissionofindia.nic.in/reports/188th report.pdf
189,Revision Of Court Fees Structure,2004,http://lawcommissionofindia.nic.in/reports/189th Report on Revison of Court fee.pdf
190,"The Revision Of The Insurance Act, 1938 And The Insurance Regulatory And Development Authority Act, 1999",2004,http://lawcommissionofindia.nic.in/reports/InsuranceReport-2nddraft1.pdf
191,Regulation Of Funds Collected For Calamity Relief.,2004,http://lawcommissionofindia.nic.in/reports/Report191.pdf
192,Prevention Of Vexatious Litigation.,2005,http://lawcommissionofindia.nic.in/reports/Report192.pdf
193,"Transnational Litigation, Conflict Of Laws, Law Of Limitation.",2005,http://lawcommissionofindia.nic.in/reports/Report193.pdf
194,Verification Of Stamp Duties And Registration Of Arbitral Awards.,2005,http://lawcommissionofindia.nic.in/reports/Report194.pdf
195,"The Judges (Inquiry) Bill, 2005",2006,http://lawcommissionofindia.nic.in/reports/Report195.doc
196,Medical Treatment To Terminally Ill Patients (Protection Of Patients And Medical Practitioners),2006,http://lawcommissionofindia.nic.in/reports/rep196.pdf
197,Public Prosecutor’s Appointments.,2006,http://lawcommissionofindia.nic.in/reports/rep197.pdf
198,Witness Identity Protection And Witness Protection Programmes,2006,http://lawcommissionofindia.nic.in/reports/rep198.pdf
199,Unfair (Procedural And Substancive) Terms In Contracts,2006,http://lawcommissionofindia.nic.in/reports/rep199.pdf
200,"Trial By Media: Free Speech Vs. Fair Trial Under Criminal Procedure (Amendments To The Contempt Of Court Act, 1971)",2006,http://lawcommissionofindia.nic.in/reports/rep200.pdf
201,Medical Treatment After Accidents And During Emergency Medical Condition And Women In Labour,2006,http://lawcommissionofindia.nic.in/reports/rep201.pdf
202,Proposal To Amend Section 304-B Of The Indian Penal Code,2007,http://lawcommissionofindia.nic.in/reports/report202.pdf
203,"Section 438 Of The Code Of Criminal Procedure, 1973 As Amended By The Code Of Criminal Procedure (Amendment) Act, 2005 (Anticipatory Bail)",2007,http://lawcommissionofindia.nic.in/reports/report203.pdf
204,"Proposal To Amend The Hindu Succession Act, 1956 As Amended By Act 39 Of 2005.",2008,http://lawcommissionofindia.nic.in/reports/report204.pdf
205,"Proposal To Amend The Prohibition Of Child Marriage Act, 2006 And Other Allied Laws.",2008,http://lawcommissionofindia.nic.in/reports/report205.pdf
206,Proposal For Enactment Of New Coroners Act Applicable To The Whole Of India,2008,http://lawcommissionofindia.nic.in/reports/report206.pdf
207,"Proposal To Amend Section 15 Of The Hindu Succession Act, 1956 In Case A Female Dies Intestate Leaving Herself Acquired Property With No Heirs.",2008,http://lawcommissionofindia.nic.in/reports/report207.pdf
208,"Proposal For Amendment Of Explanation To Section 6 Of The Hindu Succession Act, 1956 To Include Oral Partition And Family Arrangement In The Definition Of ""Partition""",2008,http://lawcommissionofindia.nic.in/reports/report208.pdf
209,"Proposal For Omission Of Section 213 From The Indian Succession Act, 1925",2008,http://lawcommissionofindia.nic.in/reports/report209.pdf
210,Humanization And Decriminalization Of Attempt To Suicide.,2008,http://lawcommissionofindia.nic.in/reports/report210.pdf
211,Laws On Registration Of Marriage And Divorce –A Proposal For Consolidation And Reform.,2008,http://lawcommissionofindia.nic.in/reports/report211.pdf
212,Laws Of Civil Marriages In India – A Proposal To Resolve Certain Conflicts,2008,http://lawcommissionofindia.nic.in/reports/report212.pdf
213,Fast Track Magisterial Courts For Dishonoured Cheque Cases,2008,http://lawcommissionofindia.nic.in/reports/report213.pdf
214,"Proposal For Reconsideration Of Judges Cases I, Ii And Iii - Sp Gupta Vs. Uoi",2008,http://lawcommissionofindia.nic.in/reports/report214.pdf
215,L . Chandra Kumar Be Revisited By Larger Bench Of Supreme Court Of India,2008,http://lawcommissionofindia.nic.in/reports/report215.pdf
216,Non-Feasibility Of Introduction Of Hindi As Compulsory Language In The Supreme Court Of India,2008,http://lawcommissionofindia.nic.in/reports/report216.pdf
217,Irretrievable Breakdown Of Marriage - Another Ground For Divorce.,2009,http://lawcommissionofindia.nic.in/reports/report217.pdf
218,Need To Accede To The Hague Convention On The Civil Aspects Of International Child Abduction (1980).,2009,http://lawcommissionofindia.nic.in/reports/report218.pdf
219,Need For Family Law Legislations For Non-Resident Indians.,2009,http://lawcommissionofindia.nic.in/reports/report219.pdf
220,Need To Fix Maximum Chargeable Court-Fees In Subordinate Civil Courts.,2009,http://lawcommissionofindia.nic.in/reports/report220.pdf
221,Need For Speedy Justice – Some Suggestions.,2009,http://lawcommissionofindia.nic.in/reports/report221.pdf
222,Need For Justice–Dispensation Through Adr Etc.,2009,http://lawcommissionofindia.nic.in/reports/report222.pdf
223,Need For Ameliorating The Lot Of The Have-Nots - Supreme Court’s Judgments.,2009,http://lawcommissionofindia.nic.in/reports/report223.pdf
224,Amendment Of Section 2 Of The Divorce Act 1869 Enabling Non-Domiciled Estranged Christian Wives To Seek Divorce.,2009,http://lawcommissionofindia.nic.in/reports/report224.pdf
225,"Amendment Of Sections 7, 7a, And 7b Of Industrial Disputes Act 1947 Making Advocates Eligible To Man Labour Courts And Industrial Tribunals.2009",2009,http://lawcommissionofindia.nic.in/reports/report225.pdf
226,The Inclusion Of Acid Attacks As Specific Offences In The Indian Penal Code And A Law For Compensation For Victims Of Crime.,2009,http://lawcommissionofindia.nic.in/reports/report226.pdf
227,Preventing Bigamy Via Conversion To Islam - A Proposal For Giving Statutory Effect To Supreme Court Rulings,2009,http://lawcommissionofindia.nic.in/reports/report227.pdf
228,Need For Legislation To Regulate Assisted Reproductive Technology Clinics As Well As Rights And Obligations Of Parties To A Surrogacy,2009,http://lawcommissionofindia.nic.in/reports/report228.pdf
229,"Need For Division Of The Supreme Court Into A Constitution Bench At Delhi And Cassation Benches In Four Regions At Delhi, Chennai/ Hyderabad, Kolkata And Mumbai",2009,http://lawcommissionofindia.nic.in/reports/report229.pdf
230,Reforms In The Judiciary – Some Suggestions,2009,http://lawcommissionofindia.nic.in/reports/report230.pdf
231,Amendments In Indian Stamp Act 1899 And Court-Fees Act 1870 Permitting Different Modes Of Payment,2009,http://lawcommissionofindia.nic.in/reports/report231.pdf
232,Retirement Age Of Chairpersons And Members Of Tribunals – Need For Uniformity,2009,http://lawcommissionofindia.nic.in/reports/report232.pdf
233,Amendment Of Code Of Criminal Procedure Enabling Restoration Of Complaints,2009,http://lawcommissionofindia.nic.in/reports/report233.pdf
234,Legal Reforms To Combat Road Accidents,2009,http://lawcommissionofindia.nic.in/reports/report234.pdf
235,Conversion/Reconversion To Another Religion - Mode Of Proof,2010,http://lawcommissionofindia.nic.in/reports/report235.pdf
236,Court-Fees In Supreme Court Vis-À-Vis Corporate Litigation,2010,http://lawcommissionofindia.nic.in/reports/report236.pdf
237,Compounding Of (Ipc) Offences,2011,http://lawcommissionofindia.nic.in/reports/report237.pdf
238,"Amendment Of Section 89 Of The Code Of Civil Procedure, 1908 And Allied Provisions",2011,http://lawcommissionofindia.nic.in/reports/report238.pdf
239,Expeditious Investigation And Trial Of Criminal Cases Against 2012 Influential Public Personalities,2012,http://lawcommissionofindia.nic.in/reports/report239.pdf
240,Costs In Civil Litigation,2012,http://lawcommissionofindia.nic.in/reports/report240.pdf
241,Passive Euthanasia - A Relook,2012,http://lawcommissionofindia.nic.in/reports/report241.pdf
242,Prevention Of Interference With The Freedom Of Matrimonial Alliances 2012 (In The Name Of Honour And Tradition ) : A Suggested Legal Framework,2012,http://lawcommissionofindia.nic.in/reports/report242.pdf
243,"Section 498 A, Ipc",2012,http://lawcommissionofindia.nic.in/reports/report243.pdf
244,Electoral Disqualifications,2014,http://lawcommissionofindia.nic.in/reports/Report244.pdf
245,Arrears And Backlog: Creating Additional Judicial (Wo)Manpower,2014,http://lawcommissionofindia.nic.in/reports/Report245.pdf
246,"Amendments To The Arbitration And Conciliation Act, 1996",2014,http://lawcommissionofindia.nic.in/reports/Supplementary_to_Report_No._246.pdf
247,"Sections 41 To 48 Of The Indian Succession Act,1925 – Proposed Reforms",2014,http://lawcommissionofindia.nic.in/reports/Report247.pdf
248,Obsolete Laws: Warranting Immediate Repeal (Interim Report),2014,http://lawcommissionofindia.nic.in/reports/Report248.pdf
249,Obsolete Laws: Warranting Immediate Repeal (Second Interim Report),2014,http://lawcommissionofindia.nic.in/reports/Second Interim Report on Obsolete Laws.pdf
250,Obsolete Laws: Warranting Immediate Repeal (Third Interim Report),2014,http://lawcommissionofindia.nic.in/reports/Report_No.250_signed_copy.pdf
251,Obsolete Laws: Warranting Immediate Repeal (Fourth Interim Report),2014,http://lawcommissionofindia.nic.in/reports/Report_No.251%20on%20Obsolete%20Laws%20-%20Warrnting%20immediate%20Repeal%20(Fourth%20%20%20%20%20%20%20%20%20%20%20%20Interim).pdf
252,"Right Of The Hindu Wife To Maintenance: A Relook At Section 18 Of The Hindu Adoptions And Maintenance Act, 1956",2015,"http://lawcommissionofindia.nic.in/reports/on%20Right%20of%20the%20Hindu%20Wife%20to%20Maintenance%20-%20A%20relook%20at%20Section18%20of%20the%20Hindu%20Adoption%20and%20Maintenance%20Act,1956.pdf"
253,"Commercial Division And Commercial Appellate Division Of High Courts And Commercial Courts Bill, 2015",2015,http://lawcommissionofindia.nic.in/reports/Report_No.253_Commercial_Division_and_Commercial_Appellate_Division_of_High_Courts_and__Commercial_Courts_Bill._2015.pdf
254,"The Prevention Of Corruption (Amendment) Bill, 2013",2015,http://lawcommissionofindia.nic.in/reports/Report_No.254_Prevention_of_Corruption.pdf
255,Electoral Reforms,2015,http://lawcommissionofindia.nic.in/reports/Report255.pdf
256,Eliminating Discrimination Against Persons Affected By Leprosy,2015,http://lawcommissionofindia.nic.in/reports/Report256.pdf
257,Reforms In Guardianship And Custody Laws In India,2015,http://lawcommissionofindia.nic.in/reports/Report No.257 Custody Laws.pdf
258,Prevention Of Bribery Of Foreign Public Officials And Officials Of Public International Organisations – A Study And Proposed Amendments,2015,http://lawcommissionofindia.nic.in/reports/Report258.pdf
259,Early Childhood Development And Legal Entitlement,2015,http://lawcommissionofindia.nic.in/reports/Report259.pdf
260,Analysis Of The 2015 Draft Model Indian Bilateral Investment Treaty,2015,http://lawcommissionofindia.nic.in/reports/Report260.pdf
261,Need To Regulate Pet Shops And Dog And Aquarium Fish Breeding,2015,http://lawcommissionofindia.nic.in/reports/Report261.pdf
262,The Death Penalty,2015,http://lawcommissionofindia.nic.in/reports/Report262.pdf
263,"The Protection of Children (Inter-Country Removal and Retention) Bill, 2016",2016,http://lawcommissionofindia.nic.in/reports/Report263.pdf
264,"The Criminal Law (Amendment) Bill, 2017 (Provisions dealing with Food Adulteration)",2017,http://lawcommissionofindia.nic.in/reports/Report264.pdf
265,Prospects of Exempting Income arising out of Maintenance Money of Minor,2017,http://lawcommissionofindia.nic.in/reports/Report265.pdf
266,Advocates Act,2017,http://lawcommissionofindia.nic.in/reports/Report266.pdf
267,Hate Speech,2017,http://lawcommissionofindia.nic.in/reports/Report267.pdf
268,"Amendments to Criminal Procedure Code, 1973 – Provisions Relating to Bail | Corrigendum  to 268",2017,http://lawcommissionofindia.nic.in/reports/Report268.pdf
269,House-keeping of Egg-laying Hens,2017,http://lawcommissionofindia.nic.in/reports/Report269.pdf
270,Compulsory Registration of Marriages,2017,http://lawcommissionofindia.nic.in/reports/Report270.pdf
271,Human DNA Profiling,2017,http://lawcommissionofindia.nic.in/reports/Report271.pdf
272,Assessment of Statutory Frameworks of Tribunals in India,2017,http://lawcommissionofindia.nic.in/reports/Errata-in-Report-No272.pdf
273,Implementation of United Nations Convention against Torture,2017,http://lawcommissionofindia.nic.in/reports/Report273.pdf
274,"Review of the Contempt of Courts Act, 1971",2018,http://lawcommissionofindia.nic.in/reports/Report274.pdf
275,"LEGAL FRAMEWORK: BCCI vis-à-vis RIGHT TO INFORMATION ACT, 2005",2018,http://lawcommissionofindia.nic.in/reports/Report275.pdf
276,Legal Framework: Gambling and Sports Betting Including  in Cricket in India,2018,http://lawcommissionofindia.nic.in/reports/Report276.pdf
277,Wrongful Prosecution (Miscarriage of Justice): Legal Remedies,2018,http://lawcommissionofindia.nic.in/reports/Report277.pdf
